runway,n_trajectories,n_train,n_holdout,train_loss,train_score_mean,train_score_std,train_score_p95,train_score_p99,holdout_score_mean,holdout_score_std,holdout_score_p95,holdout_score_p99,best_train_score,worst_train_score,best_holdout_score,worst_holdout_score
25L,2432,1945,487,0.001845344173519569,0.0036575324537322777,0.006385943237740231,0.017508781217687976,0.029265726538433096,0.004314006552672925,0.009262449829509523,0.017730937628574472,0.024602809910367028,6.622904749024342e-05,0.04173519493978171,8.182444622112637e-05,0.15780759224945073
24R,2139,1711,428,0.002749149292990535,0.0055515405637920545,0.005926968736964737,0.01729899202136683,0.028174679568046493,0.009928288809819125,0.07638542547638216,0.02067611886710969,0.03951329393296523,8.509501035714267e-05,0.044413153745947946,8.712420341676568e-05,1.5721411698779084
