runway,n_trajectories,mean_score,median_score,p95_score,p99_score,top5_count,top5_rate,top1_count,top1_rate
25L,487,0.0043140065526728775,0.000907080983356,0.017730937628574438,0.024602809910367,27,0.055441478439425054,3,0.006160164271047228
24R,428,0.009928288809819075,0.00394475715096195,0.020676118867109666,0.03951329393296519,33,0.07710280373831775,11,0.02570093457943925
